DATE,TLAACBW027SBOG
1973-01-03,706.8656
1973-01-10,700.9787
1973-01-17,699.5624
1973-01-24,700.8852
1973-01-31,705.9002
1973-02-07,703.4736
1973-02-14,709.2743
1973-02-21,711.7601
1973-02-28,718.5449
1973-03-07,717.5137
1973-03-14,719.1385
1973-03-21,718.9917
1973-03-28,723.1221
1973-04-04,721.9902
1973-04-11,724.4292
1973-04-18,727.7499
1973-04-25,733.6156
1973-05-02,733.0308
1973-05-09,732.746
1973-05-16,738.9639
1973-05-23,739.1176
1973-05-30,738.629
1973-06-06,744.5508
1973-06-13,744.9239
1973-06-20,749.6283
1973-06-27,749.2886
1973-07-04,756.5501
1973-07-11,753.8168
1973-07-18,754.8564
1973-07-25,760.6747
1973-08-01,764.6927
1973-08-08,762.2101
1973-08-15,769.6575
1973-08-22,764.27
1973-08-29,761.9845
1973-09-05,767.7636
1973-09-12,773.8323
1973-09-19,768.4948
1973-09-26,773.0562
1973-10-03,772.5736
1973-10-10,777.569
1973-10-17,771.5379
1973-10-24,789.35
1973-10-31,785.7965
1973-11-07,789.8027
1973-11-14,788.9616
1973-11-21,784.3181
1973-11-28,784.0833
1973-12-05,793.7946
1973-12-12,797.6026
1973-12-19,799.3767
1973-12-26,792.5541
1974-01-02,808.978
1974-01-09,804.8405
1974-01-16,806.9773
1974-01-23,806.9965
1974-01-30,805.8777
1974-02-06,809.4746
1974-02-13,814.7525
1974-02-20,816.464
1974-02-27,809.6878
1974-03-06,819.3573
1974-03-13,820.3928
1974-03-20,823.493
1974-03-27,830.3764
1974-04-03,832.381
1974-04-10,836.6152
1974-04-17,838.0239
1974-04-24,835.1439
1974-05-01,841.6085
1974-05-08,838.0709
1974-05-15,846.0942
1974-05-22,842.2152
1974-05-29,848.3478
1974-06-05,849.9033
1974-06-12,856.4264
1974-06-19,850.6599
1974-06-26,862.872
1974-07-03,857.3557
1974-07-10,859.0114
1974-07-17,858.7807
1974-07-24,862.1083
1974-07-31,866.9695
1974-08-07,866.0688
1974-08-14,866.1977
1974-08-21,863.01
1974-08-28,867.5048
1974-09-04,875.4494
1974-09-11,871.3023
1974-09-18,865.905
1974-09-25,870.7905
1974-10-02,868.2085
1974-10-09,865.8794
1974-10-16,879.5676
1974-10-23,874.598
1974-10-30,870.1742
1974-11-06,877.4554
1974-11-13,879.1791
1974-11-20,876.6837
1974-11-27,884.325
1974-12-04,883.417
1974-12-11,889.5363
1974-12-18,885.1881
1974-12-25,888.7229
1975-01-01,887.2367
1975-01-08,881.2233
1975-01-15,880.8201
1975-01-22,881.3431
1975-01-29,869.783
1975-02-05,880.1117
1975-02-12,873.7616
1975-02-19,877.8417
1975-02-26,870.6366
1975-03-05,886.9395
1975-03-12,884.9263
1975-03-19,878.4812
1975-03-26,887.4696
1975-04-02,886.3219
1975-04-09,889.2221
1975-04-16,890.9204
1975-04-23,882.5488
1975-04-30,889.3192
1975-05-07,883.991
1975-05-14,885.8908
1975-05-21,886.4269
1975-05-28,891.2573
1975-06-04,895.1692
1975-06-11,901.3328
1975-06-18,897.8236
1975-06-25,898.7146
1975-07-02,891.6822
1975-07-09,895.4646
1975-07-16,894.6841
1975-07-23,889.4959
1975-07-30,888.3894
1975-08-06,893.3122
1975-08-13,893.5513
1975-08-20,892.4242
1975-08-27,897.4631
1975-09-03,902.0494
1975-09-10,899.3777
1975-09-17,894.8477
1975-09-24,895.6113
1975-10-01,906.4436
1975-10-08,901.4152
1975-10-15,910.272
1975-10-22,902.6977
1975-10-29,898.9495
1975-11-05,907.7776
1975-11-12,917.871
1975-11-19,902.3373
1975-11-26,919.0453
1975-12-03,913.6448
1975-12-10,919.5432
1975-12-17,916.1231
1975-12-24,921.9687
1975-12-31,923.977
1976-01-07,920.6953
1976-01-14,918.4399
1976-01-21,915.7902
1976-01-28,914.9813
1976-02-04,921.5947
1976-02-11,918.2252
1976-02-18,926.4292
1976-02-25,913.4307
1976-03-03,926.5548
1976-03-10,928.6952
1976-03-17,926.0963
1976-03-24,929.3946
1976-03-31,927.0589
1976-04-07,930.9519
1976-04-14,931.9127
1976-04-21,931.4947
1976-04-28,924.3367
1976-05-05,934.1908
1976-05-12,932.7286
1976-05-19,930.1696
1976-05-26,930.7056
1976-06-02,937.5786
1976-06-09,937.8428
1976-06-16,942.5707
1976-06-23,940.5984
1976-06-30,948.7168
1976-07-07,949.2885
1976-07-14,944.7965
1976-07-21,942.9744
1976-07-28,938.5127
1976-08-04,949.8135
1976-08-11,948.4973
1976-08-18,948.2154
1976-08-25,950.0999
1976-09-01,952.3437
1976-09-08,959.5327
1976-09-15,959.4986
1976-09-22,955.39
1976-09-29,961.7707
1976-10-06,967.0278
1976-10-13,972.5339
1976-10-20,967.6583
1976-10-27,966.7179
1976-11-03,977.1656
1976-11-10,968.559
1976-11-17,974.0732
1976-11-24,983.0573
1976-12-01,988.2772
1976-12-08,993.9092
1976-12-15,1004.3796
1976-12-22,1005.0541
1976-12-29,997.0004
1977-01-05,1000.003
1977-01-12,1000.6491
1977-01-19,996.7324
1977-01-26,994.4259
1977-02-02,990.6307
1977-02-09,991.5155
1977-02-16,990.6164
1977-02-23,1001.662
1977-03-02,1004.4816
1977-03-09,1005.6762
1977-03-16,1016.2284
1977-03-23,1016.9574
1977-03-30,1017.0415
1977-04-06,1020.9722
1977-04-13,1023.5298
1977-04-20,1021.2904
1977-04-27,1020.0247
1977-05-04,1028.9165
1977-05-11,1024.2973
1977-05-18,1027.1097
1977-05-25,1028.2991
1977-06-01,1043.2091
1977-06-08,1039.2138
1977-06-15,1047.9566
1977-06-22,1039.022
1977-06-29,1037.93
1977-07-06,1048.6091
1977-07-13,1046.6252
1977-07-20,1049.0303
1977-07-27,1049.282
1977-08-03,1052.1196
1977-08-10,1053.1595
1977-08-17,1052.0756
1977-08-24,1055.3381
1977-08-31,1064.0961
1977-09-07,1064.009
1977-09-14,1067.8447
1977-09-21,1066.6658
1977-09-28,1068.8594
1977-10-05,1082.3722
1977-10-12,1081.9113
1977-10-19,1071.8243
1977-10-26,1076.2701
1977-11-02,1075.4609
1977-11-09,1088.7801
1977-11-16,1088.1866
1977-11-23,1087.2593
1977-11-30,1088.6819
1977-12-07,1096.3338
1977-12-14,1097.2559
1977-12-21,1106.2603
1977-12-28,1112.782
1978-01-04,1113.0366
1978-01-11,1107.882
1978-01-18,1106.1029
1978-01-25,1104.1255
1978-02-01,1109.2375
1978-02-08,1110.5452
1978-02-15,1105.5237
1978-02-22,1113.2986
1978-03-01,1119.5179
1978-03-08,1117.9168
1978-03-15,1131.8927
1978-03-22,1130.4475
1978-03-29,1131.1292
1978-04-05,1149.6588
1978-04-12,1142.3227
1978-04-19,1148.5479
1978-04-26,1145.0978
1978-05-03,1150.3649
1978-05-10,1153.5782
1978-05-17,1153.2712
1978-05-24,1157.1442
1978-05-31,1184.4177
1978-06-07,1173.4096
1978-06-14,1170.735
1978-06-21,1174.2303
1978-06-28,1174.1691
1978-07-05,1182.9814
1978-07-12,1178.2332
1978-07-19,1178.4762
1978-07-26,1177.8926
1978-08-02,1183.4712
1978-08-09,1183.7162
1978-08-16,1191.9029
1978-08-23,1189.5742
1978-08-30,1188.591
1978-09-06,1206.1845
1978-09-13,1199.1483
1978-09-20,1206.6256
1978-09-27,1212.195
1978-10-04,1218.6893
1978-10-11,1221.2563
1978-10-18,1207.8514
1978-10-25,1227.8827
1978-11-01,1224.4311
1978-11-08,1237.322
1978-11-15,1236.0152
1978-11-22,1243.7097
1978-11-29,1233.8229
1978-12-06,1244.3796
1978-12-13,1244.5599
1978-12-20,1256.1192
1978-12-27,1271.7895
1979-01-03,1264.8427
1979-01-10,1267.3372
1979-01-17,1268.6529
1979-01-24,1272.3963
1979-01-31,1273.6199
1979-02-07,1274.8344
1979-02-14,1271.4228
1979-02-21,1278.1505
1979-02-28,1286.0726
1979-03-07,1276.5632
1979-03-14,1291.0055
1979-03-21,1291.2761
1979-03-28,1295.0667
1979-04-04,1309.1151
1979-04-11,1316.345
1979-04-18,1318.8951
1979-04-25,1320.3269
1979-05-02,1320.8164
1979-05-09,1320.9593
1979-05-16,1328.4886
1979-05-23,1324.9758
1979-05-30,1335.1569
1979-06-06,1339.0391
1979-06-13,1343.5379
1979-06-20,1352.6869
1979-06-27,1360.0041
1979-07-04,1367.1378
1979-07-11,1371.2842
1979-07-18,1363.8232
1979-07-25,1381.8208
1979-08-01,1384.1695
1979-08-08,1375.5138
1979-08-15,1384.3938
1979-08-22,1384.4902
1979-08-29,1390.512
1979-09-05,1415.2776
1979-09-12,1411.1336
1979-09-19,1427.0556
1979-09-26,1418.2977
1979-10-03,1429.0033
1979-10-10,1445.1652
1979-10-17,1420.2987
1979-10-24,1430.9953
1979-10-31,1427.9117
1979-11-07,1416.2322
1979-11-14,1435.3897
1979-11-21,1431.6476
1979-11-28,1421.9913
1979-12-05,1435.2302
1979-12-12,1435.9097
1979-12-19,1428.6564
1979-12-26,1430.3288
1980-01-02,1437.0763
1980-01-09,1439.9029
1980-01-16,1440.0849
1980-01-23,1449.1466
1980-01-30,1437.5889
1980-02-06,1456.844
1980-02-13,1462.686
1980-02-20,1468.2686
1980-02-27,1457.8622
1980-03-05,1467.9465
1980-03-12,1468.9298
1980-03-19,1470.7436
1980-03-26,1475.5212
1980-04-02,1478.0707
1980-04-09,1481.0349
1980-04-16,1476.0286
1980-04-23,1480.7679
1980-04-30,1486.7256
1980-05-07,1479.1614
1980-05-14,1487.2993
1980-05-21,1486.6108
1980-05-28,1490.0542
1980-06-04,1478.7499
1980-06-11,1489.7532
1980-06-18,1485.8046
1980-06-25,1494.4777
1980-07-02,1489.1084
1980-07-09,1498.5414
1980-07-16,1504.6653
1980-07-23,1510.0735
1980-07-30,1502.4337
1980-08-06,1510.7024
1980-08-13,1513.4279
1980-08-20,1526.89
1980-08-27,1522.6133
1980-09-03,1533.7954
1980-09-10,1525.33
1980-09-17,1533.6022
1980-09-24,1534.2689
1980-10-01,1545.184
1980-10-08,1542.2161
1980-10-15,1554.3602
1980-10-22,1556.1194
1980-10-29,1554.1817
1980-11-05,1574.1893
1980-11-12,1583.9194
1980-11-19,1569.6419
1980-11-26,1587.2264
1980-12-03,1573.3805
1980-12-10,1589.008
1980-12-17,1584.5746
1980-12-24,1595.5714
1980-12-31,1590.3014
1981-01-07,1593.2125
1981-01-14,1599.6188
1981-01-21,1598.1372
1981-01-28,1602.7314
1981-02-04,1608.2786
1981-02-11,1610.1587
1981-02-18,1616.401
1981-02-25,1618.6368
1981-03-04,1623.5387
1981-03-11,1623.3025
1981-03-18,1629.7038
1981-03-25,1635.4098
1981-04-01,1644.3314
1981-04-08,1637.1245
1981-04-15,1657.5726
1981-04-22,1655.1279
1981-04-29,1656.6242
1981-05-06,1657.063
1981-05-13,1658.883
1981-05-20,1662.3107
1981-05-27,1671.2806
1981-06-03,1662.3203
1981-06-10,1685.1843
1981-06-17,1682.3605
1981-06-24,1692.1576
1981-07-01,1681.4174
1981-07-08,1675.2339
1981-07-15,1692.7616
1981-07-22,1691.0274
1981-07-29,1672.5743
1981-08-05,1703.7277
1981-08-12,1698.9813
1981-08-19,1700.2501
1981-08-26,1708.9774
1981-09-02,1695.2731
1981-09-09,1704.4307
1981-09-16,1720.1455
1981-09-23,1716.033
1981-09-30,1741.314
1981-10-07,1666.5066
1981-10-14,1678.5433
1981-10-21,1679.1568
1981-10-28,1679.1947
1981-11-04,1687.5878
1981-11-11,1694.3987
1981-11-18,1700.4033
1981-11-25,1713.3162
1981-12-02,1713.4095
1981-12-09,1699.4609
1981-12-16,1693.9184
1981-12-23,1703.6999
1981-12-30,1685.7961
1982-01-06,1695.3889
1982-01-13,1701.6439
1982-01-20,1706.0048
1982-01-27,1711.5404
1982-02-03,1719.4162
1982-02-10,1714.3624
1982-02-17,1725.0777
1982-02-24,1712.4788
1982-03-03,1726.8601
1982-03-10,1725.109
1982-03-17,1725.6257
1982-03-24,1729.8545
1982-03-31,1738.8189
1982-04-07,1742.2733
1982-04-14,1739.079
1982-04-21,1737.4074
1982-04-28,1730.3522
1982-05-05,1746.856
1982-05-12,1754.0795
1982-05-19,1745.9707
1982-05-26,1755.6862
1982-06-02,1765.7116
1982-06-09,1762.9822
1982-06-16,1756.4275
1982-06-23,1761.6666
1982-06-30,1768.9363
1982-07-07,1770.2399
1982-07-14,1769.2384
1982-07-21,1772.9619
1982-07-28,1788.2796
1982-08-04,1790.7915
1982-08-11,1793.1624
1982-08-18,1792.2497
1982-08-25,1803.4771
1982-09-01,1810.108
1982-09-08,1804.9653
1982-09-15,1820.1505
1982-09-22,1806.3159
1982-09-29,1796.4633
1982-10-06,1811.5876
1982-10-13,1824.602
1982-10-20,1824.1637
1982-10-27,1834.1413
1982-11-03,1838.2188
1982-11-10,1821.1217
1982-11-17,1818.0081
1982-11-24,1829.4726
1982-12-01,1831.0032
1982-12-08,1838.8424
1982-12-15,1844.3079
1982-12-22,1846.1007
1982-12-29,1833.4254
1983-01-05,1848.234
1983-01-12,1861.9405
1983-01-19,1852.0884
1983-01-26,1868.4559
1983-02-02,1867.512
1983-02-09,1860.7497
1983-02-16,1848.5544
1983-02-23,1865.0775
1983-03-02,1882.3094
1983-03-09,1862.9167
1983-03-16,1876.687
1983-03-23,1867.1367
1983-03-30,1868.8176
1983-04-06,1884.2024
1983-04-13,1875.2659
1983-04-20,1875.5347
1983-04-27,1879.337
1983-05-04,1886.4309
1983-05-11,1889.4417
1983-05-18,1886.8338
1983-05-25,1887.1162
1983-06-01,1909.657
1983-06-08,1895.2147
1983-06-15,1906.9873
1983-06-22,1904.0069
1983-06-29,1902.668
1983-07-06,1930.2819
1983-07-13,1920.1196
1983-07-20,1927.0053
1983-07-27,1936.4405
1983-08-03,1932.134
1983-08-10,1932.307
1983-08-17,1927.3175
1983-08-24,1939.1671
1983-08-31,1942.9154
1983-09-07,1941.4087
1983-09-14,1935.8111
1983-09-21,1946.7734
1983-09-28,1937.3063
1983-10-05,1966.041
1983-10-12,1975.0591
1983-10-19,1958.7847
1983-10-26,1974.6441
1983-11-02,1966.5443
1983-11-09,1969.2
1983-11-16,1977.0746
1983-11-23,1985.6664
1983-11-30,1975.7388
1983-12-07,1983.4541
1983-12-14,1983.4466
1983-12-21,1981.4345
1983-12-28,1978.9095
1984-01-04,2013.1601
1984-01-11,2009.9796
1984-01-18,1997.9104
1984-01-25,2011.8073
1984-02-01,2019.6525
1984-02-08,2012.0348
1984-02-15,2023.4836
1984-02-22,2020.3977
1984-02-29,2029.493
1984-03-07,2017.7035
1984-03-14,2044.2532
1984-03-21,2035.5768
1984-03-28,2039.1161
1984-04-04,2053.2995
1984-04-11,2060.1067
1984-04-18,2059.6204
1984-04-25,2078.7444
1984-05-02,2074.5907
1984-05-09,2092.0276
1984-05-16,2090.6717
1984-05-23,2099.5718
1984-05-30,2085.3176
1984-06-06,2102.3064
1984-06-13,2092.5173
1984-06-20,2118.9467
1984-06-27,2107.1089
1984-07-04,2122.0524
1984-07-11,2113.4169
1984-07-18,2115.4118
1984-07-25,2123.3719
1984-08-01,2124.7454
1984-08-08,2118.4608
1984-08-15,2130.2862
1984-08-22,2125.195
1984-08-29,2119.0012
1984-09-05,2131.088
1984-09-12,2143.063
1984-09-19,2140.0112
1984-09-26,2142.4318
1984-10-03,2133.3855
1984-10-10,2154.4055
1984-10-17,2124.4421
1984-10-24,2153.5157
1984-10-31,2160.8838
1984-11-07,2166.8987
1984-11-14,2170.4445
1984-11-21,2175.9193
1984-11-28,2151.0933
1984-12-05,2175.0882
1984-12-12,2174.9946
1984-12-19,2178.7633
1984-12-26,2189.4519
1985-01-02,2187.5999
1985-01-09,2180.2556
1985-01-16,2191.4893
1985-01-23,2189.9432
1985-01-30,2190.3852
1985-02-06,2196.6613
1985-02-13,2206.8493
1985-02-20,2221.2785
1985-02-27,2226.9917
1985-03-06,2219.2819
1985-03-13,2225.6277
1985-03-20,2223.5835
1985-03-27,2224.2212
1985-04-03,2219.7354
1985-04-10,2228.2259
1985-04-17,2217.4306
1985-04-24,2224.7115
1985-05-01,2244.5891
1985-05-08,2242.2275
1985-05-15,2263.8244
1985-05-22,2253.5383
1985-05-29,2240.4653
1985-06-05,2266.5467
1985-06-12,2272.4078
1985-06-19,2278.7742
1985-06-26,2273.4285
1985-07-03,2279.2568
1985-07-10,2276.8238
1985-07-17,2275.3616
1985-07-24,2282.6299
1985-07-31,2290.4524
1985-08-07,2281.794
1985-08-14,2290.0271
1985-08-21,2289.0454
1985-08-28,2289.9563
1985-09-04,2310.4445
1985-09-11,2302.6142
1985-09-18,2303.0665
1985-09-25,2306.0634
1985-10-02,2317.1831
1985-10-09,2308.8583
1985-10-16,2312.2718
1985-10-23,2310.8239
1985-10-30,2307.4408
1985-11-06,2331.4884
1985-11-13,2335.532
1985-11-20,2346.3696
1985-11-27,2360.5769
1985-12-04,2367.442
1985-12-11,2366.9846
1985-12-18,2379.4925
1985-12-25,2383.9541
1986-01-01,2395.1074
1986-01-08,2390.0957
1986-01-15,2400.5037
1986-01-22,2393.1156
1986-01-29,2381.3363
1986-02-05,2398.5811
1986-02-12,2393.9824
1986-02-19,2406.9303
1986-02-26,2401.9922
1986-03-05,2419.7589
1986-03-12,2426.7421
1986-03-19,2420.8518
1986-03-26,2436.8643
1986-04-02,2428.5998
1986-04-09,2436.2058
1986-04-16,2435.3776
1986-04-23,2453.493
1986-04-30,2449.1527
1986-05-07,2442.5026
1986-05-14,2440.1005
1986-05-21,2449.7012
1986-05-28,2452.2022
1986-06-04,2447.1688
1986-06-11,2453.0074
1986-06-18,2447.9787
1986-06-25,2459.2464
1986-07-02,2464.2851
1986-07-09,2471.4177
1986-07-16,2486.5935
1986-07-23,2484.89
1986-07-30,2485.4221
1986-08-06,2493.4512
1986-08-13,2492.6831
1986-08-20,2501.5339
1986-08-27,2519.6926
1986-09-03,2532.103
1986-09-10,2514.3967
1986-09-17,2527.8234
1986-09-24,2518.9784
1986-10-01,2546.1267
1986-10-08,2524.9328
1986-10-15,2541.689
1986-10-22,2532.0556
1986-10-29,2518.5994
1986-11-05,2537.426
1986-11-12,2560.7938
1986-11-19,2546.9433
1986-11-26,2566.6746
1986-12-03,2560.14
1986-12-10,2574.657
1986-12-17,2574.6976
1986-12-24,2614.4189
1986-12-31,2633.8899
1987-01-07,2622.3534
1987-01-14,2610.2255
1987-01-21,2620.2827
1987-01-28,2637.6112
1987-02-04,2620.6476
1987-02-11,2624.1242
1987-02-18,2623.5959
1987-02-25,2626.5346
1987-03-04,2626.7511
1987-03-11,2637.6468
1987-03-18,2630.9424
1987-03-25,2646.627
1987-04-01,2664.0009
1987-04-08,2656.2037
1987-04-15,2679.2288
1987-04-22,2678.7576
1987-04-29,2658.5916
1987-05-06,2666.8938
1987-05-13,2668.6491
1987-05-20,2680.1719
1987-05-27,2700.0541
1987-06-03,2666.1737
1987-06-10,2683.3697
1987-06-17,2666.5967
1987-06-24,2692.474
1987-07-01,2679.0937
1987-07-08,2658.4621
1987-07-15,2686.2977
1987-07-22,2675.6883
1987-07-29,2671.9033
1987-08-05,2682.4706
1987-08-12,2694.1221
1987-08-19,2685.6891
1987-08-26,2713.4137
1987-09-02,2671.9728
1987-09-09,2712.0135
1987-09-16,2714.423
1987-09-23,2724.3453
1987-09-30,2726.7028
1987-10-07,2714.0792
1987-10-14,2725.6262
1987-10-21,2748.7566
1987-10-28,2766.6883
1987-11-04,2742.5015
1987-11-11,2737.5773
1987-11-18,2726.8859
1987-11-25,2732.1319
1987-12-02,2729.3206
1987-12-09,2731.4598
1987-12-16,2735.7224
1987-12-23,2739.9021
1987-12-30,2727.2038
1988-01-06,2744.2481
1988-01-13,2745.9767
1988-01-20,2755.5202
1988-01-27,2764.9231
1988-02-03,2766.9597
1988-02-10,2770.6977
1988-02-17,2775.6665
1988-02-24,2754.7693
1988-03-02,2767.3986
1988-03-09,2765.4481
1988-03-16,2784.0416
1988-03-23,2791.1894
1988-03-30,2773.6893
1988-04-06,2805.4886
1988-04-13,2788.291
1988-04-20,2813.1842
1988-04-27,2806.915
1988-05-04,2831.5868
1988-05-11,2835.027
1988-05-18,2829.0868
1988-05-25,2818.3489
1988-06-01,2861.6824
1988-06-08,2846.662
1988-06-15,2885.3854
1988-06-22,2856.9162
1988-06-29,2850.6476
1988-07-06,2875.7931
1988-07-13,2871.4371
1988-07-20,2877.7959
1988-07-27,2884.0625
1988-08-03,2869.4043
1988-08-10,2886.3046
1988-08-17,2874.6978
1988-08-24,2885.8169
1988-08-31,2870.0444
1988-09-07,2884.0513
1988-09-14,2874.8994
1988-09-21,2898.6442
1988-09-28,2874.8562
1988-10-05,2899.5311
1988-10-12,2898.164
1988-10-19,2900.8285
1988-10-26,2902.1198
1988-11-02,2915.9991
1988-11-09,2900.4303
1988-11-16,2920.2867
1988-11-23,2919.6453
1988-11-30,2927.3038
1988-12-07,2926.9206
1988-12-14,2928.2304
1988-12-21,2926.6254
1988-12-28,2930.1937
1989-01-04,2937.5504
1989-01-11,2944.7673
1989-01-18,2935.3717
1989-01-25,2942.0774
1989-02-01,2958.1848
1989-02-08,2960.3465
1989-02-15,2964.3702
1989-02-22,2974.4945
1989-03-01,2999.3978
1989-03-08,2965.3485
1989-03-15,2991.115
1989-03-22,2984.9527
1989-03-29,2975.2173
1989-04-05,2981.0224
1989-04-12,2979.4501
1989-04-19,2986.1739
1989-04-26,2991.844
1989-05-03,3006.2053
1989-05-10,2997.1295
1989-05-17,3017.8816
1989-05-24,3014.1301
1989-05-31,3023.6561
1989-06-07,3012.0497
1989-06-14,3016.9821
1989-06-21,3023.9917
1989-06-28,3017.5141
1989-07-05,3034.9633
1989-07-12,3053.8981
1989-07-19,3029.5035
1989-07-26,3070.9738
1989-08-02,3056.9596
1989-08-09,3072.3594
1989-08-16,3063.9833
1989-08-23,3080.032
1989-08-30,3055.4957
1989-09-06,3083.7532
1989-09-13,3070.9663
1989-09-20,3093.9451
1989-09-27,3076.0523
1989-10-04,3093.9705
1989-10-11,3091.3823
1989-10-18,3096.2277
1989-10-25,3102.4217
1989-11-01,3148.6084
1989-11-08,3100.7566
1989-11-15,3122.7635
1989-11-22,3118.3629
1989-11-29,3116.4743
1989-12-06,3125.4594
1989-12-13,3136.2128
1989-12-20,3132.4036
1989-12-27,3141.0263
1990-01-03,3131.6397
1990-01-10,3153.4154
1990-01-17,3152.396
1990-01-24,3149.5353
1990-01-31,3158.455
1990-02-07,3158.9274
1990-02-14,3150.4025
1990-02-21,3176.5779
1990-02-28,3174.0425
1990-03-07,3176.9311
1990-03-14,3185.3764
1990-03-21,3187.8032
1990-03-28,3184.9424
1990-04-04,3190.8836
1990-04-11,3190.948
1990-04-18,3198.8519
1990-04-25,3198.7894
1990-05-02,3205.9255
1990-05-09,3199.2617
1990-05-16,3211.0263
1990-05-23,3209.3607
1990-05-30,3203.1357
1990-06-06,3217.3379
1990-06-13,3234.2846
1990-06-20,3236.5109
1990-06-27,3247.9828
1990-07-04,3235.0137
1990-07-11,3245.3449
1990-07-18,3244.0738
1990-07-25,3267.9224
1990-08-01,3271.8832
1990-08-08,3272.0562
1990-08-15,3300.4426
1990-08-22,3291.1881
1990-08-29,3262.7725
1990-09-05,3299.7749
1990-09-12,3266.114
1990-09-19,3283.2624
1990-09-26,3269.2183
1990-10-03,3281.0446
1990-10-10,3285.8368
1990-10-17,3254.0296
1990-10-24,3273.5733
1990-10-31,3285.9043
1990-11-07,3264.736
1990-11-14,3300.5151
1990-11-21,3283.6835
1990-11-28,3271.0186
1990-12-05,3280.1834
1990-12-12,3295.9731
1990-12-19,3276.1416
1990-12-26,3287.7614
1991-01-02,3286.1412
1991-01-09,3275.2472
1991-01-16,3253.1227
1991-01-23,3299.3475
1991-01-30,3263.8349
1991-02-06,3297.3062
1991-02-13,3280.4972
1991-02-20,3304.1786
1991-02-27,3287.0023
1991-03-06,3301.2013
1991-03-13,3300.6902
1991-03-20,3311.26
1991-03-27,3299.3244
1991-04-03,3302.5528
1991-04-10,3300.0232
1991-04-17,3298.697
1991-04-24,3283.5754
1991-05-01,3331.3252
1991-05-08,3280.4962
1991-05-15,3321.7143
1991-05-22,3285.1365
1991-05-29,3299.064
1991-06-05,3296.8911
1991-06-12,3310.7485
1991-06-19,3290.9666
1991-06-26,3332.0138
1991-07-03,3281.4967
1991-07-10,3305.3785
1991-07-17,3279.5554
1991-07-24,3303.5768
1991-07-31,3314.4365
1991-08-07,3310.6152
1991-08-14,3295.942
1991-08-21,3318.1748
1991-08-28,3299.8838
1991-09-04,3325.1751
1991-09-11,3293.7382
1991-09-18,3326.9717
1991-09-25,3326.9922
1991-10-02,3338.3084
1991-10-09,3309.7673
1991-10-16,3363.863
1991-10-23,3335.8811
1991-10-30,3339.3738
1991-11-06,3341.6292
1991-11-13,3377.88
1991-11-20,3352.0814
1991-11-27,3375.5332
1991-12-04,3359.9481
1991-12-11,3382.5206
1991-12-18,3354.3722
1991-12-25,3398.8875
1992-01-01,3356.9015
1992-01-08,3379.0584
1992-01-15,3396.24
1992-01-22,3406.8905
1992-01-29,3384.0372
1992-02-05,3405.7128
1992-02-12,3392.6111
1992-02-19,3409.9572
1992-02-26,3382.4493
1992-03-04,3408.0517
1992-03-11,3398.1284
1992-03-18,3392.8963
1992-03-25,3403.4831
1992-04-01,3426.5011
1992-04-08,3393.1184
1992-04-15,3448.8233
1992-04-22,3402.1881
1992-04-29,3387.5617
1992-05-06,3397.5132
1992-05-13,3401.7255
1992-05-20,3400.2356
1992-05-27,3413.8126
1992-06-03,3386.2009
1992-06-10,3417.7004
1992-06-17,3391.8254
1992-06-24,3416.6788
1992-07-01,3437.4676
1992-07-08,3398.5671
1992-07-15,3421.4023
1992-07-22,3417.9904
1992-07-29,3383.149
1992-08-05,3427.4392
1992-08-12,3412.2886
1992-08-19,3414.2582
1992-08-26,3422.7777
1992-09-02,3430.2004
1992-09-09,3427.0275
1992-09-16,3452.9203
1992-09-23,3417.7953
1992-09-30,3453.5342
1992-10-07,3425.8953
1992-10-14,3459.1757
1992-10-21,3435.4267
1992-10-28,3438.5055
1992-11-04,3447.1192
1992-11-11,3468.8709
1992-11-18,3438.2151
1992-11-25,3474.4944
1992-12-02,3456.5083
1992-12-09,3469.2911
1992-12-16,3458.007
1992-12-23,3478.3582
1992-12-30,3444.9298
1993-01-06,3466.4835
1993-01-13,3446.3413
1993-01-20,3449.1797
1993-01-27,3436.9482
1993-02-03,3463.8353
1993-02-10,3453.1059
1993-02-17,3465.9241
1993-02-24,3433.8728
1993-03-03,3476.7597
1993-03-10,3462.2266
1993-03-17,3473.4139
1993-03-24,3475.7913
1993-03-31,3497.0996
1993-04-07,3486.4309
1993-04-14,3490.2366
1993-04-21,3471.8048
1993-04-28,3491.2665
1993-05-05,3497.2796
1993-05-12,3525.0702
1993-05-19,3503.572
1993-05-26,3527.2521
1993-06-02,3535.4931
1993-06-09,3553.7821
1993-06-16,3544.1259
1993-06-23,3556.5198
1993-06-30,3544.512
1993-07-07,3590.8785
1993-07-14,3566.3889
1993-07-21,3579.3951
1993-07-28,3561.116
1993-08-04,3585.8511
1993-08-11,3581.0641
1993-08-18,3578.4688
1993-08-25,3578.5926
1993-09-01,3606.6643
1993-09-08,3575.0062
1993-09-15,3632.7869
1993-09-22,3581.2591
1993-09-29,3595.8077
1993-10-06,3576.6861
1993-10-13,3591.96
1993-10-20,3581.6038
1993-10-27,3594.6836
1993-11-03,3581.5576
1993-11-10,3596.1557
1993-11-17,3577.4386
1993-11-24,3611.3953
1993-12-01,3622.8437
1993-12-08,3617.3784
1993-12-15,3631.7039
1993-12-22,3611.5862
1993-12-29,3599.7601
1994-01-05,3646.3327
1994-01-12,3655.4148
1994-01-19,3666.3983
1994-01-26,3649.922
1994-02-02,3668.5792
1994-02-09,3672.3957
1994-02-16,3661.6946
1994-02-23,3666.4335
1994-03-02,3683.0787
1994-03-09,3666.3432
1994-03-16,3690.0688
1994-03-23,3702.8439
1994-03-30,3710.919
1994-04-06,3710.2674
1994-04-13,3699.5445
1994-04-20,3689.1563
1994-04-27,3704.1868
1994-05-04,3697.3626
1994-05-11,3726.6796
1994-05-18,3707.8015
1994-05-25,3725.1031
1994-06-01,3737.6427
1994-06-08,3712.044
1994-06-15,3731.4341
1994-06-22,3727.1122
1994-06-29,3727.8908
1994-07-06,3762.6576
1994-07-13,3762.1861
1994-07-20,3768.4808
1994-07-27,3780.1034
1994-08-03,3764.1535
1994-08-10,3770.0935
1994-08-17,3769.8105
1994-08-24,3790.0709
1994-08-31,3799.2722
1994-09-07,3775.998
1994-09-14,3784.1912
1994-09-21,3797.2491
1994-09-28,3790.1161
1994-10-05,3794.4895
1994-10-12,3810.8006
1994-10-19,3798.5315
1994-10-26,3814.7451
1994-11-02,3813.3292
1994-11-09,3794.2257
1994-11-16,3808.6541
1994-11-23,3836.3763
1994-11-30,3826.6396
1994-12-07,3824.1299
1994-12-14,3825.6631
1994-12-21,3846.7521
1994-12-28,3852.4815
1995-01-04,3872.3057
1995-01-11,3864.3651
1995-01-18,3873.8862
1995-01-25,3875.7854
1995-02-01,3912.3157
1995-02-08,3863.8832
1995-02-15,3890.6895
1995-02-22,3889.7886
1995-03-01,3935.6366
1995-03-08,3904.5988
1995-03-15,3954.5174
1995-03-22,3922.7987
1995-03-29,3929.1632
1995-04-05,3968.179
1995-04-12,3979.3718
1995-04-19,3987.9748
1995-04-26,4009.5803
1995-05-03,3993.2531
1995-05-10,4017.0649
1995-05-17,4000.4632
1995-05-24,4027.1191
1995-05-31,4038.1547
1995-06-07,4033.0676
1995-06-14,4030.8729
1995-06-21,4043.0073
1995-06-28,4023.9009
1995-07-05,4069.3614
1995-07-12,4061.3931
1995-07-19,4071.4647
1995-07-26,4088.2425
1995-08-02,4092.5274
1995-08-09,4089.9485
1995-08-16,4090.6471
1995-08-23,4097.9893
1995-08-30,4078.8951
1995-09-06,4112.9191
1995-09-13,4116.6093
1995-09-20,4127.1007
1995-09-27,4133.6239
1995-10-04,4113.9259
1995-10-11,4136.3467
1995-10-18,4104.9457
1995-10-25,4148.7479
1995-11-01,4168.4794
1995-11-08,4141.2982
1995-11-15,4148.7552
1995-11-22,4147.1653
1995-11-29,4105.685
1995-12-06,4151.5331
1995-12-13,4144.8947
1995-12-20,4176.0649
1995-12-27,4174.4664
1996-01-03,4221.7914
1996-01-10,4207.1455
1996-01-17,4216.6417
1996-01-24,4177.6084
1996-01-31,4197.603
1996-02-07,4176.0187
1996-02-14,4190.5992
1996-02-21,4203.6348
1996-02-28,4203.5774
1996-03-06,4181.3574
1996-03-13,4202.8146
1996-03-20,4201.3378
1996-03-27,4206.1392
1996-04-03,4205.246
1996-04-10,4234.1407
1996-04-17,4216.8378
1996-04-24,4240.554
1996-05-01,4234.1971
1996-05-08,4248.1903
1996-05-15,4243.0767
1996-05-22,4243.5522
1996-05-29,4218.2578
1996-06-05,4254.1905
1996-06-12,4250.0597
1996-06-19,4257.5294
1996-06-26,4250.1616
1996-07-03,4250.1759
1996-07-10,4254.6737
1996-07-17,4272.6812
1996-07-24,4270.7677
1996-07-31,4279.4383
1996-08-07,4264.219
1996-08-14,4279.7237
1996-08-21,4266.4426
1996-08-28,4258.1745
1996-09-04,4286.3807
1996-09-11,4280.4059
1996-09-18,4289.4985
1996-09-25,4313.5477
1996-10-02,4313.9248
1996-10-09,4302.4058
1996-10-16,4329.4371
1996-10-23,4327.2199
1996-10-30,4288.5112
1996-11-06,4328.1042
1996-11-13,4364.1573
1996-11-20,4338.6462
1996-11-27,4376.6144
1996-12-04,4369.3665
1996-12-11,4368.1384
1996-12-18,4373.3852
1996-12-25,4387.4293
1997-01-01,4385.7157
1997-01-08,4389.4433
1997-01-15,4382.3811
1997-01-22,4434.0119
1997-01-29,4414.3255
1997-02-05,4441.5496
1997-02-12,4449.1532
1997-02-19,4468.2779
1997-02-26,4460.0949
1997-03-05,4494.3352
1997-03-12,4500.0512
1997-03-19,4493.4449
1997-03-26,4515.5553
1997-04-02,4508.0312
1997-04-09,4540.1681
1997-04-16,4534.5418
1997-04-23,4556.861
1997-04-30,4577.2065
1997-05-07,4568.1006
1997-05-14,4561.6376
1997-05-21,4595.6229
1997-05-28,4593.1048
1997-06-04,4570.779
1997-06-11,4584.972
1997-06-18,4574.938
1997-06-25,4591.1023
1997-07-02,4593.8215
1997-07-09,4593.5643
1997-07-16,4626.8104
1997-07-23,4633.2093
1997-07-30,4644.6287
1997-08-06,4649.939
1997-08-13,4634.5797
1997-08-20,4668.5807
1997-08-27,4667.8427
1997-09-03,4690.6166
1997-09-10,4660.261
1997-09-17,4674.4376
1997-09-24,4664.9026
1997-10-01,4721.5009
1997-10-08,4698.602
1997-10-15,4718.8902
1997-10-22,4713.6338
1997-10-29,4714.2341
1997-11-05,4743.4584
1997-11-12,4794.1926
1997-11-19,4737.0533
1997-11-26,4804.3585
1997-12-03,4777.5416
1997-12-10,4787.0178
1997-12-17,4760.7967
1997-12-24,4793.2359
1997-12-31,4802.6203
1998-01-07,4826.9054
1998-01-14,4816.3536
1998-01-21,4846.52
1998-01-28,4832.9931
1998-02-04,4834.3868
1998-02-11,4855.6224
1998-02-18,4881.1845
1998-02-25,4871.4399
1998-03-04,4896.9962
1998-03-11,4910.0169
1998-03-18,4913.5741
1998-03-25,4934.1907
1998-04-01,4995.7101
1998-04-08,4955.9656
1998-04-15,4969.5941
1998-04-22,4940.3623
1998-04-29,4916.2366
1998-05-06,4941.2133
1998-05-13,4940.52
1998-05-20,4954.1947
1998-05-27,4965.4945
1998-06-03,4944.3732
1998-06-10,4987.4707
1998-06-17,4971.3035
1998-06-24,4996.3208
1998-07-01,5032.258
1998-07-08,4973.3713
1998-07-15,5016.4143
1998-07-22,5009.3677
1998-07-29,5026.2054
1998-08-05,5041.1436
1998-08-12,5058.8056
1998-08-19,5041.8238
1998-08-26,5084.3051
1998-09-02,5092.7958
1998-09-09,5120.9489
1998-09-16,5104.1335
1998-09-23,5117.8003
1998-09-30,5156.0139
1998-10-07,5166.488
1998-10-14,5187.0701
1998-10-21,5222.8075
1998-10-28,5229.5091
1998-11-04,5233.7077
1998-11-11,5238.4839
1998-11-18,5252.0403
1998-11-25,5251.6186
1998-12-02,5242.4645
1998-12-09,5258.1503
1998-12-16,5256.5258
1998-12-23,5256.1323
1998-12-30,5238.3722
1999-01-06,5238.5559
1999-01-13,5252.3979
1999-01-20,5277.9163
1999-01-27,5247.8431
1999-02-03,5252.888
1999-02-10,5255.5267
1999-02-17,5249.7007
1999-02-24,5236.8538
1999-03-03,5234.7912
1999-03-10,5234.0279
1999-03-17,5220.7134
1999-03-24,5246.8712
1999-03-31,5239.6138
1999-04-07,5234.7813
1999-04-14,5241.2266
1999-04-21,5239.7652
1999-04-28,5254.9851
1999-05-05,5250.7959
1999-05-12,5269.8368
1999-05-19,5275.1572
1999-05-26,5275.2601
1999-06-02,5303.8154
1999-06-09,5295.0653
1999-06-16,5313.5964
1999-06-23,5357.6948
1999-06-30,5324.768
1999-07-07,5334.3212
1999-07-14,5334.0632
1999-07-21,5320.0055
1999-07-28,5303.9842
1999-08-04,5293.2275
1999-08-11,5324.3734
1999-08-18,5323.8537
1999-08-25,5345.3047
1999-09-01,5333.0351
1999-09-08,5338.7978
1999-09-15,5360.2137
1999-09-22,5387.1934
1999-09-29,5372.3272
1999-10-06,5368.8397
1999-10-13,5375.8277
1999-10-20,5394.9548
1999-10-27,5420.0345
1999-11-03,5417.512
1999-11-10,5419.6795
1999-11-17,5456.9555
1999-11-24,5508.0347
1999-12-01,5530.3071
1999-12-08,5523.8835
1999-12-15,5563.7155
1999-12-22,5595.5855
1999-12-29,5578.931
2000-01-05,5553.2053
2000-01-12,5579.5158
2000-01-19,5581.0824
2000-01-26,5601.2444
2000-02-02,5602.9637
2000-02-09,5613.7866
2000-02-16,5612.7168
2000-02-23,5648.5453
2000-03-01,5686.3993
2000-03-08,5692.8567
2000-03-15,5705.1693
2000-03-22,5715.2102
2000-03-29,5698.4257
2000-04-05,5720.9518
2000-04-12,5733.8208
2000-04-19,5759.7241
2000-04-26,5799.688
2000-05-03,5811.9172
2000-05-10,5828.192
2000-05-17,5841.4021
2000-05-24,5844.7144
2000-05-31,5869.8368
2000-06-07,5844.7282
2000-06-14,5852.238
2000-06-21,5903.5941
2000-06-28,5888.7738
2000-07-05,5911.4005
2000-07-12,5897.8087
2000-07-19,5921.6859
2000-07-26,5933.9787
2000-08-02,5910.527
2000-08-09,5929.1779
2000-08-16,5930.372
2000-08-23,5964.4396
2000-08-30,5926.8573
2000-09-06,5964.3222
2000-09-13,5946.3945
2000-09-20,6009.549
2000-09-27,5959.4378
2000-10-04,5967.7686
2000-10-11,5973.6119
2000-10-18,5977.1802
2000-10-25,5988.0854
2000-11-01,6012.3552
2000-11-08,5965.6714
2000-11-15,5981.2307
2000-11-22,6005.2792
2000-11-29,5993.2046
2000-12-06,6028.6436
2000-12-13,6033.2473
2000-12-20,6059.9457
2000-12-27,6099.7561
2001-01-03,6138.1882
2001-01-10,6139.5272
2001-01-17,6140.7329
2001-01-24,6133.674
2001-01-31,6164.9585
2001-02-07,6105.8034
2001-02-14,6098.7117
2001-02-21,6130.559
2001-02-28,6183.6111
2001-03-07,6162.392
2001-03-14,6177.7597
2001-03-21,6226.9861
2001-03-28,6196.6087
2001-04-04,6224.1026
2001-04-11,6226.8624
2001-04-18,6248.6247
2001-04-25,6238.4843
2001-05-02,6224.9029
2001-05-09,6227.3442
2001-05-16,6220.3417
2001-05-23,6214.7989
2001-05-30,6237.7293
2001-06-06,6212.3911
2001-06-13,6209.4081
2001-06-20,6217.8402
2001-06-27,6210.8845
2001-07-04,6214.4256
2001-07-11,6205.9015
2001-07-18,6221.9601
2001-07-25,6245.9425
2001-08-01,6281.6864
2001-08-08,6235.3243
2001-08-15,6234.3539
2001-08-22,6261.7072
2001-08-29,6260.2527
2001-09-05,6302.0871
2001-09-12,6727.2737
2001-09-19,6472.7044
2001-09-26,6383.6897
2001-10-03,6370.3443
2001-10-10,6371.8191
2001-10-17,6360.0683
2001-10-24,6358.9388
2001-10-31,6424.0957
2001-11-07,6398.986
2001-11-14,6438.4156
2001-11-21,6403.4277
2001-11-28,6367.8819
2001-12-05,6406.5948
2001-12-12,6408.4279
2001-12-19,6367.1019
2001-12-26,6394.1071
2002-01-02,6383.9917
2002-01-09,6399.5116
2002-01-16,6354.9777
2002-01-23,6397.0338
2002-01-30,6361.5644
2002-02-06,6374.1073
2002-02-13,6363.6
2002-02-20,6385.4589
2002-02-27,6365.5471
2002-03-06,6349.0971
2002-03-13,6328.1689
2002-03-20,6361.1567
2002-03-27,6370.31
2002-04-03,6377.1919
2002-04-10,6381.0461
2002-04-17,6380.0419
2002-04-24,6371.4307
2002-05-01,6395.1569
2002-05-08,6365.202
2002-05-15,6404.1636
2002-05-22,6410.1913
2002-05-29,6418.8344
2002-06-05,6410.9209
2002-06-12,6431.2479
2002-06-19,6440.9657
2002-06-26,6467.6254
2002-07-03,6416.0403
2002-07-10,6455.4028
2002-07-17,6460.042
2002-07-24,6521.7293
2002-07-31,6529.4108
2002-08-07,6538.0196
2002-08-14,6588.3122
2002-08-21,6598.993
2002-08-28,6593.5569
2002-09-04,6667.0145
2002-09-11,6598.7683
2002-09-18,6648.9018
2002-09-25,6654.1966
2002-10-02,6721.1247
2002-10-09,6705.0839
2002-10-16,6756.5312
2002-10-23,6746.1008
2002-10-30,6774.9559
2002-11-06,6809.356
2002-11-13,6861.3338
2002-11-20,6814.7453
2002-11-27,6862.601
2002-12-04,6845.323
2002-12-11,6942.4295
2002-12-18,6943.8745
2002-12-25,6982.5276
2003-01-01,6913.4408
2003-01-08,6910.0612
2003-01-15,6908.54
2003-01-22,6914.0547
2003-01-29,6898.3458
2003-02-05,6960.5366
2003-02-12,6965.725
2003-02-19,7009.9355
2003-02-26,7006.2721
2003-03-05,7067.6996
2003-03-12,7073.4445
2003-03-19,7043.2927
2003-03-26,7019.9493
2003-04-02,7061.8553
2003-04-09,7034.8402
2003-04-16,7063.3613
2003-04-23,7063.1822
2003-04-30,7142.2549
2003-05-07,7163.8958
2003-05-14,7201.9037
2003-05-21,7194.2933
2003-05-28,7228.065
2003-06-04,7246.6827
2003-06-11,7301.8348
2003-06-18,7253.0049
2003-06-25,7292.1824
2003-07-02,7337.6485
2003-07-09,7320.2169
2003-07-16,7300.7489
2003-07-23,7320.8623
2003-07-30,7312.8286
2003-08-06,7340.5586
2003-08-13,7324.3558
2003-08-20,7309.5507
2003-08-27,7260.6641
2003-09-03,7316.6876
2003-09-10,7274.8314
2003-09-17,7250.6821
2003-09-24,7205.1999
2003-10-01,7312.831
2003-10-08,7216.7057
2003-10-15,7280.7458
2003-10-22,7253.2221
2003-10-29,7236.8253
2003-11-05,7243.9713
2003-11-12,7308.1772
2003-11-19,7271.3386
2003-11-26,7284.7546
2003-12-03,7237.8497
2003-12-10,7275.1505
2003-12-17,7332.6043
2003-12-24,7345.0415
2003-12-31,7329.0539
2004-01-07,7351.4216
2004-01-14,7380.5132
2004-01-21,7411.8585
2004-01-28,7446.3957
2004-02-04,7457.7955
2004-02-11,7523.5303
2004-02-18,7602.7538
2004-02-25,7466.3042
2004-03-03,7498.7163
2004-03-10,7535.3479
2004-03-17,7555.3036
2004-03-24,7579.2019
2004-03-31,7599.9605
2004-04-07,7608.1282
2004-04-14,7653.9693
2004-04-21,7660.543
2004-04-28,7651.7675
2004-05-05,7641.0146
2004-05-12,7685.0263
2004-05-19,7662.3756
2004-05-26,7661.7191
2004-06-02,7684.9194
2004-06-09,7714.0199
2004-06-16,7726.7748
2004-06-23,7775.4834
2004-06-30,7789.8729
2004-07-07,7863.2958
2004-07-14,7855.6026
2004-07-21,7859.9015
2004-07-28,7838.2046
2004-08-04,7846.9996
2004-08-11,7878.0914
2004-08-18,7871.3029
2004-08-25,7873.9774
2004-09-01,7887.219
2004-09-08,7909.8946
2004-09-15,7967.215
2004-09-22,7977.6874
2004-09-29,7952.3369
2004-10-06,7928.9018
2004-10-13,7967.4448
2004-10-20,7985.6731
2004-10-27,7976.1865
2004-11-03,7983.8182
2004-11-10,8009.6099
2004-11-17,7952.7274
2004-11-24,8030.5807
2004-12-01,8043.6417
2004-12-08,8056.7417
2004-12-15,8056.3569
2004-12-22,8023.4552
2004-12-29,8009.9539
2005-01-05,8053.1238
2005-01-12,8068.9128
2005-01-19,8136.8423
2005-01-26,8091.955
2005-02-02,8141.7838
2005-02-09,8119.0708
2005-02-16,8125.2565
2005-02-23,8233.5783
2005-03-02,8230.7143
2005-03-09,8223.4372
2005-03-16,8295.4819
2005-03-23,8312.7475
2005-03-30,8280.7743
2005-04-06,8272.1272
2005-04-13,8295.9095
2005-04-20,8322.4017
2005-04-27,8312.096
2005-05-04,8314.9525
2005-05-11,8347.5029
2005-05-18,8366.8865
2005-05-25,8411.9512
2005-06-01,8450.6399
2005-06-08,8466.1733
2005-06-15,8394.2278
2005-06-22,8448.8866
2005-06-29,8417.864
2005-07-06,8443.9606
2005-07-13,8453.4538
2005-07-20,8496.067
2005-07-27,8487.1658
2005-08-03,8547.9015
2005-08-10,8532.8741
2005-08-17,8546.4365
2005-08-24,8602.5777
2005-08-31,8615.3136
2005-09-07,8595.172
2005-09-14,8611.6696
2005-09-21,8635.3162
2005-09-28,8651.5575
2005-10-05,8614.9833
2005-10-12,8680.9724
2005-10-19,8683.3651
2005-10-26,8678.5525
2005-11-02,8676.994
2005-11-09,8657.7127
2005-11-16,8685.787
2005-11-23,8722.4911
2005-11-30,8693.085
2005-12-07,8736.695
2005-12-14,8740.7827
2005-12-21,8801.4383
2005-12-28,8806.8213
2006-01-04,8828.6454
2006-01-11,8797.0338
2006-01-18,8845.6434
2006-01-25,8866.868
2006-02-01,8892.2067
2006-02-08,8871.1954
2006-02-15,8916.0273
2006-02-22,8920.1437
2006-03-01,8956.6986
2006-03-08,8932.7725
2006-03-15,8967.8964
2006-03-22,8983.0832
2006-03-29,9008.3916
2006-04-05,9035.3872
2006-04-12,9078.4951
2006-04-19,9097.5412
2006-04-26,9150.4972
2006-05-03,9168.1365
2006-05-10,9206.8421
2006-05-17,9215.8045
2006-05-24,9257.1971
2006-05-31,9263.69
2006-06-07,9231.4124
2006-06-14,9260.5447
2006-06-21,9257.3121
2006-06-28,9243.2258
2006-07-05,9265.9383
2006-07-12,9276.5213
2006-07-19,9336.9182
2006-07-26,9315.0892
2006-08-02,9311.4565
2006-08-09,9302.9805
2006-08-16,9322.2537
2006-08-23,9378.9686
2006-08-30,9356.8767
2006-09-06,9356.0834
2006-09-13,9335.7013
2006-09-20,9332.9081
2006-09-27,9368.8604
2006-10-04,9580.6517
2006-10-11,9631.1434
2006-10-18,9543.86
2006-10-25,9562.8196
2006-11-01,9613.0125
2006-11-08,9570.7975
2006-11-15,9595.0204
2006-11-22,9654.5845
2006-11-29,9684.6608
2006-12-06,9729.3115
2006-12-13,9702.325
2006-12-20,9760.5057
2006-12-27,9805.4204
2007-01-03,9832.0568
2007-01-10,9792.9717
2007-01-17,9829.8706
2007-01-24,9834.7291
2007-01-31,9862.4161
2007-02-07,9819.4431
2007-02-14,9866.7954
2007-02-21,9896.4903
2007-02-28,9962.9018
2007-03-07,9907.798
2007-03-14,9811.6719
2007-03-21,9793.3526
2007-03-28,9873.7574
2007-04-04,9911.2846
2007-04-11,9929.6205
2007-04-18,9937.887
2007-04-25,9968.1495
2007-05-02,9958.5676
2007-05-09,9979.9541
2007-05-16,9970.1515
2007-05-23,10011.0356
2007-05-30,10034.485
2007-06-06,10028.5576
2007-06-13,10038.8015
2007-06-20,10076.8612
2007-06-27,10093.4211
2007-07-04,10160.8417
2007-07-11,10144.9348
2007-07-18,10160.7643
2007-07-25,10201.4277
2007-08-01,10214.8538
2007-08-08,10218.113
2007-08-15,10325.1286
2007-08-22,10367.1215
2007-08-29,10383.0711
2007-09-05,10412.7003
2007-09-12,10487.5519
2007-09-19,10430.2582
2007-09-26,10511.9291
2007-10-03,10485.5233
2007-10-10,10556.9394
2007-10-17,10562.8884
2007-10-24,10654.5922
2007-10-31,10680.1939
2007-11-07,10705.3534
2007-11-14,10726.5353
2007-11-21,10782.1696
2007-11-28,10765.3129
2007-12-05,10802.1927
2007-12-12,10753.0268
2007-12-19,10821.1808
2007-12-26,10851.0407
2008-01-02,10900.736
2008-01-09,10890.5908
2008-01-16,10887.7966
2008-01-23,10992.7714
2008-01-30,10989.1909
2008-02-06,10967.9059
2008-02-13,10966.5527
2008-02-20,11006.1507
2008-02-27,11005.4316
2008-03-05,11033.8513
2008-03-12,11091.247
2008-03-19,11160.6064
2008-03-26,11153.7422
2008-04-02,11069.0329
2008-04-09,11055.9651
2008-04-16,11018.4594
2008-04-23,11072.5319
2008-04-30,11074.7161
2008-05-07,11019.0046
2008-05-14,10989.7617
2008-05-21,11050.5261
2008-05-28,11021.5802
2008-06-04,11006.251
2008-06-11,10979.4153
2008-06-18,11006.4346
2008-06-25,11015.0485
2008-07-02,11035.8329
2008-07-09,11028.8146
2008-07-16,11050.7942
2008-07-23,11013.6111
2008-07-30,11030.9325
2008-08-06,10988.7508
2008-08-13,11007.0047
2008-08-20,11021.5662
2008-08-27,11013.053
2008-09-03,11014.0206
2008-09-10,11002.5668
2008-09-17,11263.7934
2008-09-24,11286.7261
2008-10-01,11737.6603
2008-10-08,11788.4466
2008-10-15,11908.8166
2008-10-22,12021.4394
2008-10-29,12064.0956
2008-11-05,12007.185
2008-11-12,12091.2287
2008-11-19,12063.4415
2008-11-26,12097.8179
2008-12-03,12240.4809
2008-12-10,12350.4454
2008-12-17,12373.3814
2008-12-24,12365.7093
2008-12-31,12259.2732
2009-01-07,12281.3201
2009-01-14,12287.8243
2009-01-21,12279.5606
2009-01-28,12149.9108
2009-02-04,12052.5539
2009-02-11,12011.8491
2009-02-18,12056.1614
2009-02-25,12005.8001
2009-03-04,11985.6997
2009-03-11,12010.5642
2009-03-18,12056.9849
2009-03-25,12077.8303
2009-04-01,12070.2687
2009-04-08,12000.444
2009-04-15,12043.5633
2009-04-22,12051.488
2009-04-29,12068.6087
2009-05-06,12112.5068
2009-05-13,12102.4855
2009-05-20,12118.7526
2009-05-27,12044.6544
2009-06-03,12022.8864
2009-06-10,12029.4721
2009-06-17,11961.2081
2009-06-24,11945.8747
2009-07-01,11893.0088
2009-07-08,11909.1832
2009-07-15,11811.9892
2009-07-22,11793.9598
2009-07-29,11714.1805
2009-08-05,11676.7725
2009-08-12,11724.6486
2009-08-19,11759.7156
2009-08-26,11748.9734
2009-09-02,11713.2492
2009-09-09,11720.4695
2009-09-16,11704.2396
2009-09-23,11738.3528
2009-09-30,11583.9661
2009-10-07,11694.2131
2009-10-14,11749.318
2009-10-21,11793.2905
2009-10-28,11749.1446
2009-11-04,11770.8518
2009-11-11,11712.3645
2009-11-18,11740.1251
2009-11-25,11770.7842
2009-12-02,11760.792
2009-12-09,11745.773
2009-12-16,11742.3243
2009-12-23,11732.152
2009-12-30,11695.9709
2010-01-06,11665.1867
2010-01-13,11722.9159
2010-01-20,11671.7723
2010-01-27,11695.466
2010-02-03,11676.2187
2010-02-10,11718.7148
2010-02-17,11711.9665
2010-02-24,11704.779
2010-03-03,11671.8768
2010-03-10,11654.904
2010-03-17,11582.9806
2010-03-24,11564.1857
2010-03-31,11815.7728
2010-04-07,11881.157
2010-04-14,11840.048
2010-04-21,11822.3864
2010-04-28,11827.4169
2010-05-05,11811.532
2010-05-12,11824.0087
2010-05-19,11828.0919
2010-05-26,11784.46
2010-06-02,11700.5357
2010-06-09,11757.5877
2010-06-16,11695.2575
2010-06-23,11771.6609
2010-06-30,11677.4238
2010-07-07,11751.2609
2010-07-14,11764.5323
2010-07-21,11808.1965
2010-07-28,11806.0716
2010-08-04,11835.1741
2010-08-11,11856.0283
2010-08-18,11832.1062
2010-08-25,11845.835
2010-09-01,11811.9749
2010-09-08,11833.1207
2010-09-15,11751.9423
2010-09-22,11770.6318
2010-09-29,11778.526
2010-10-06,11870.3311
2010-10-13,11901.3319
2010-10-20,11915.7458
2010-10-27,11877.1654
2010-11-03,11870.6287
2010-11-10,11837.4409
2010-11-17,11815.6448
2010-11-24,11836.5405
2010-12-01,11827.0278
2010-12-08,11871.8073
2010-12-15,11775.6474
2010-12-22,11815.5591
2010-12-29,11806.4936
2011-01-05,11810.1075
2011-01-12,11873.2765
2011-01-19,11853.594
2011-01-26,11828.9757
2011-02-02,11806.58
2011-02-09,11882.4997
2011-02-16,11857.5263
2011-02-23,11933.9369
2011-03-02,11932.0283
2011-03-09,12032.6033
2011-03-16,11977.0685
2011-03-23,12042.625
2011-03-30,12135.68
2011-04-06,12198.2953
2011-04-13,12209.5649
2011-04-20,12192.735
2011-04-27,12179.9893
2011-05-04,12210.3493
2011-05-11,12236.6943
2011-05-18,12181.6594
2011-05-25,12247.6747
2011-06-01,12272.7901
2011-06-08,12330.7868
2011-06-15,12240.1955
2011-06-22,12338.9469
2011-06-29,12339.3186
2011-07-06,12301.7024
2011-07-13,12323.2448
2011-07-20,12302.4397
2011-07-27,12340.4466
2011-08-03,12365.4102
2011-08-10,12444.1133
2011-08-17,12437.8579
2011-08-24,12410.9278
2011-08-31,12395.7568
2011-09-07,12392.9808
2011-09-14,12453.8429
2011-09-21,12440.9561
2011-09-28,12488.45
2011-10-05,12530.949
2011-10-12,12475.6064
2011-10-19,12475.9789
2011-10-26,12489.998
2011-11-02,12450.0654
2011-11-09,12500.3798
2011-11-16,12485.0043
2011-11-23,12444.8217
2011-11-30,12453.0094
2011-12-07,12483.3277
2011-12-14,12558.1361
2011-12-21,12511.3299
2011-12-28,12598.4739
2012-01-04,12627.8738
2012-01-11,12581.476
2012-01-18,12535.7892
2012-01-25,12574.6324
2012-02-01,12687.118
2012-02-08,12687.0321
2012-02-15,12737.5886
2012-02-22,12650.6539
2012-02-29,12697.8004
2012-03-07,12656.8491
2012-03-14,12624.7808
2012-03-21,12599.9129
2012-03-28,12631.0868
2012-04-04,12679.6302
2012-04-11,12693.3669
2012-04-18,12657.9908
2012-04-25,12689.3606
2012-05-02,12699.17
2012-05-09,12716.2783
2012-05-16,12700.0743
2012-05-23,12720.0806
2012-05-30,12723.2781
2012-06-06,12753.7643
2012-06-13,12779.122
2012-06-20,12703.1578
2012-06-27,12742.1974
2012-07-04,12767.357
2012-07-11,12780.2123
2012-07-18,12781.1629
2012-07-25,12844.0734
2012-08-01,12822.8747
2012-08-08,12840.8568
2012-08-15,12827.9805
2012-08-22,12804.6018
2012-08-29,12838.6158
2012-09-05,12863.2499
2012-09-12,12834.5971
2012-09-19,12805.1182
2012-09-26,12844.8825
2012-10-03,12875.5606
2012-10-10,12839.4443
2012-10-17,12888.3933
2012-10-24,12803.032
2012-10-31,12913.4789
2012-11-07,12942.7521
2012-11-14,12987.1128
2012-11-21,12968.8293
2012-11-28,13024.9806
2012-12-05,13036.7839
2012-12-12,13055.5253
2012-12-19,13099.4856
2012-12-26,13196.234
2013-01-02,13239.1293
2013-01-09,13152.8912
2013-01-16,13177.8898
2013-01-23,13192.4799
2013-01-30,13279.1893
2013-02-06,13266.5787
2013-02-13,13266.1328
2013-02-20,13195.8191
2013-02-27,13276.4441
2013-03-06,13270.0813
2013-03-13,13316.982
2013-03-20,13287.3407
2013-03-27,13368.1568
2013-04-03,13396.1895
2013-04-10,13367.8373
2013-04-17,13402.827
2013-04-24,13331.4257
2013-05-01,13438.4494
2013-05-08,13415.1251
2013-05-15,13474.2641
2013-05-22,13485.6779
2013-05-29,13508.0627
2013-06-05,13524.6778
2013-06-12,13561.8444
2013-06-19,13499.0071
2013-06-26,13554.4802
2013-07-03,13557.0677
2013-07-10,13544.5631
2013-07-17,13611.835
2013-07-24,13570.9105
2013-07-31,13584.4861
2013-08-07,13608.9552
2013-08-14,13640.96
2013-08-21,13631.5406
2013-08-28,13698.9948
2013-09-04,13680.1375
2013-09-11,13704.1011
2013-09-18,13797.2394
2013-09-25,13805.1052
2013-10-02,13910.8904
2013-10-09,13822.1361
2013-10-16,13867.6164
2013-10-23,13905.4156
2013-10-30,13953.9231
2013-11-06,13896.1501
2013-11-13,13938.4033
2013-11-20,13937.9084
2013-11-27,14017.0209
2013-12-04,14045.2743
2013-12-11,14080.3856
2013-12-18,14102.3817
2013-12-25,14119.5004
2014-01-01,13946.0412
2014-01-08,14098.5941
2014-01-15,14120.5704
2014-01-22,14119.9971
2014-01-29,14173.661
2014-02-05,14183.6138
2014-02-12,14212.9466
2014-02-19,14238.0585
2014-02-26,14232.4962
2014-03-05,14316.0601
2014-03-12,14328.8216
2014-03-19,14357.2562
2014-03-26,14352.0716
2014-04-02,14375.4402
2014-04-09,14397.2035
2014-04-16,14431.8823
2014-04-23,14436.1619
2014-04-30,14434.8887
2014-05-07,14463.7729
2014-05-14,14499.3984
2014-05-21,14533.8953
2014-05-28,14578.6898
2014-06-04,14599.2879
2014-06-11,14627.7213
2014-06-18,14659.1813
2014-06-25,14732.7395
2014-07-02,14747.9302
2014-07-09,14740.0265
2014-07-16,14757.922
2014-07-23,14805.9321
2014-07-30,14816.6698
2014-08-06,14810.2859
2014-08-13,14781.8937
2014-08-20,14806.2057
2014-08-27,14806.8896
2014-09-03,14910.8611
2014-09-10,14865.7156
2014-09-17,14948.8775
2014-09-24,14971.9725
2014-10-01,14995.9089
2014-10-08,14935.2137
2014-10-15,15008.4844
2014-10-22,15022.0438
2014-10-29,15020.7621
2014-11-05,14987.6364
2014-11-12,15010.4902
2014-11-19,14986.8248
2014-11-26,15102.8899
2014-12-03,15098.573
2014-12-10,15103.1188
2014-12-17,15127.9776
2014-12-24,15077.4226
2014-12-31,14934.1303
2015-01-07,15200.1483
2015-01-14,15206.6873
2015-01-21,15225.8395
2015-01-28,15210.6167
2015-02-04,15215.8462
2015-02-11,15187.3329
2015-02-18,15217.9145
2015-02-25,15267.8819
2015-03-04,15284.4958
2015-03-11,15334.9802
2015-03-18,15369.3411
2015-03-25,15375.5319
2015-04-01,15364.4681
2015-04-08,15393.5725
2015-04-15,15386.8431
2015-04-22,15382.5579
2015-04-29,15399.4572
2015-05-06,15388.7888
2015-05-13,15382.3147
2015-05-20,15350.8211
2015-05-27,15340.9503
2015-06-03,15323.5188
2015-06-10,15321.0377
2015-06-17,15370.2092
2015-06-24,15331.8222
2015-07-01,15313.7544
2015-07-08,15325.9154
2015-07-15,15389.2518
2015-07-22,15416.7422
2015-07-29,15368.7307
2015-08-05,15372.2567
2015-08-12,15358.4337
2015-08-19,15446.5663
2015-08-26,15499.7957
2015-09-02,15454.4234
2015-09-09,15451.2246
2015-09-16,15415.2953
2015-09-23,15513.7719
2015-09-30,15242.4565
2015-10-07,15572.8888
2015-10-14,15630.4153
2015-10-21,15644.9073
2015-10-28,15608.9006
2015-11-04,15644.0008
2015-11-11,15592.168
2015-11-18,15570.6156
2015-11-25,15549.4706
2015-12-02,15601.4144
2015-12-09,15587.6753
2015-12-16,15585.3536
2015-12-23,15618.291
2015-12-30,15500.5607
2016-01-06,15623.6369
2016-01-13,15631.2194
2016-01-20,15680.9045
2016-01-27,15631.7915
2016-02-03,15709.169
2016-02-10,15711.661
2016-02-17,15711.128
2016-02-24,15706.603
2016-03-02,15721.0598
2016-03-09,15760.8175
2016-03-16,15717.5212
2016-03-23,15739.0581
2016-03-30,15708.6489
2016-04-06,15804.7704
2016-04-13,15854.6912
2016-04-20,15853.8263
2016-04-27,15872.9907
2016-05-04,15925.7779
2016-05-11,15915.7377
2016-05-18,15904.5163
2016-05-25,15905.1024
2016-06-01,15923.5006
2016-06-08,15943.3249
2016-06-15,15965.775
2016-06-22,15964.6099
2016-06-29,15951.2018
2016-07-06,16054.9131
2016-07-13,16022.1393
2016-07-20,15997.1942
2016-07-27,16029.3991
2016-08-03,16073.1567
2016-08-10,16053.1894
2016-08-17,16068.2584
2016-08-24,16035.9248
2016-08-31,16038.5634
2016-09-07,16087.9094
2016-09-14,16151.3596
2016-09-21,16042.5495
2016-09-28,16024.5911
2016-10-05,15987.6143
2016-10-12,16043.0933
2016-10-19,16031.065
2016-10-26,16017.3525
2016-11-02,16040.1511
2016-11-09,16022.8082
2016-11-16,16033.7976
2016-11-23,16000.2536
2016-11-30,15989.996
2016-12-07,16050.7667
2016-12-14,16076.0072
2016-12-21,15977.9841
2016-12-28,15995.6006
2017-01-04,16067.2145
2017-01-11,16012.8235
2017-01-18,16071.8136
2017-01-25,16051.2791
2017-02-01,16107.9532
2017-02-08,16117.14
2017-02-15,16116.8335
2017-02-22,16138.0854
2017-03-01,16190.5264
2017-03-08,16184.4087
2017-03-15,16221.5716
2017-03-22,16189.8341
2017-03-29,16159.2174
2017-04-05,16223.6094
2017-04-12,16214.4634
2017-04-19,16248.2447
2017-04-26,16235.6583
2017-05-03,16222.7641
2017-05-10,16201.8724
2017-05-17,16269.8655
2017-05-24,16282.0752
2017-05-31,16230.3363
2017-06-07,16262.5157
2017-06-14,16227.0531
2017-06-21,16249.1533
2017-06-28,16234.5468
2017-07-05,16270.6265
2017-07-12,16311.6579
2017-07-19,16350.5942
2017-07-26,16413.3725
2017-08-02,16424.4455
2017-08-09,16421.7887
2017-08-16,16481.711
2017-08-23,16462.1919
2017-08-30,16496.842
2017-09-06,16496.3723
2017-09-13,16523.1278
2017-09-20,16518.9458
2017-09-27,16520.6947
2017-10-04,16563.8736
2017-10-11,16536.0886
2017-10-18,16604.7644
2017-10-25,16595.0321
2017-11-01,16627.4283
2017-11-08,16635.1519
2017-11-15,16652.5413
2017-11-22,16653.9304
2017-11-29,16668.8383
2017-12-06,16730.0568
2017-12-13,16724.1373
2017-12-20,16709.382
2017-12-27,16739.0004
2018-01-03,16733.1612
2018-01-10,16669.79
2018-01-17,16704.4181
2018-01-24,16699.2084
2018-01-31,16662.2301
2018-02-07,16635.6689
2018-02-14,16685.199
2018-02-21,16636.0893
2018-02-28,16649.4474
2018-03-07,16616.8714
2018-03-14,16605.2149
2018-03-21,16559.3874
2018-03-28,16574.1451
2018-04-04,16585.0372
2018-04-11,16580.8609
2018-04-18,16632.9374
2018-04-25,16634.0848
2018-05-02,16668.2523
2018-05-09,16700.9262
2018-05-16,16673.3057
2018-05-23,16719.233
2018-05-30,16732.5834
2018-06-06,16706.7413
2018-06-13,16726.7829
2018-06-20,16728.2582
2018-06-27,16771.7442
2018-07-04,16789.159
2018-07-11,16739.157
2018-07-18,16748.3625
2018-07-25,16741.0313
2018-08-01,16711.6965
2018-08-08,16677.8326
2018-08-15,16713.0391
2018-08-22,16709.8092
2018-08-29,16676.3756
2018-09-05,16686.1686
2018-09-12,16688.2628
2018-09-19,16689.5702
2018-09-26,16739.7056
2018-10-03,16805.3543
2018-10-10,16783.4579
2018-10-17,16770.0231
2018-10-24,16819.0245
2018-10-31,16807.1425
2018-11-07,16771.5675
2018-11-14,16818.7133
2018-11-21,16795.3629
2018-11-28,16819.039
2018-12-05,16881.9817
2018-12-12,16892.8612
2018-12-19,16891.6892
2018-12-26,17015.4021
2019-01-02,17029.3301
2019-01-09,16967.3126
2019-01-16,16925.948
2019-01-23,16938.1597
2019-01-30,16978.2404
2019-02-06,17003.6638
2019-02-13,17031.1879
2019-02-20,17007.965
2019-02-27,17048.3308
2019-03-06,17055.4668
2019-03-13,17061.3941
2019-03-20,17091.8466
2019-03-27,17143.7203
2019-04-03,17147.9514
2019-04-10,17112.9821
2019-04-17,17093.0852
2019-04-24,17117.8228
2019-05-01,17128.2514
2019-05-08,17165.6859
2019-05-15,17235.4099
2019-05-22,17149.518
2019-05-29,17170.8792
2019-06-05,17254.4274
2019-06-12,17311.8839
2019-06-19,17301.4569
2019-06-26,17348.9207
2019-07-03,17380.0646
2019-07-10,17329.4627
2019-07-17,17337.9208
2019-07-24,17343.0423
2019-07-31,17351.2167
2019-08-07,17480.6048
2019-08-14,17451.2852
2019-08-21,17424.3823
2019-08-28,17446.6954
2019-09-04,17459.4504
2019-09-11,17437.5439
2019-09-18,17412.6725
2019-09-25,17493.1362
2019-10-02,17569.7836
2019-10-09,17556.8053
2019-10-16,17573.0005
2019-10-23,17556.6488
2019-10-30,17534.6606
2019-11-06,17596.208
2019-11-13,17616.7902
2019-11-20,17578.4672
2019-11-27,17635.156
2019-12-04,17669.6392
2019-12-11,17750.891
2019-12-18,17738.1586
2019-12-25,17734.7195
2020-01-01,17673.6571
2020-01-08,17752.1631
2020-01-15,17779.9246
2020-01-22,17747.0131
2020-01-29,17801.3008
2020-02-05,17819.9892
2020-02-12,17794.9763
2020-02-19,17904.9478
2020-02-26,17894.3658
2020-03-04,18130.3623
2020-03-11,18247.2972
2020-03-18,18670.6671
2020-03-25,19329.4455
2020-04-01,19618.7907
2020-04-08,19583.6346
2020-04-15,19964.5453
2020-04-22,20181.9078
2020-04-29,20325.5555
2020-05-06,20298.2744
2020-05-13,20277.7055
2020-05-20,20271.4723
2020-05-27,20212.0173
2020-06-03,20158.5929
2020-06-10,20183.2906
2020-06-17,20186.9677
2020-06-24,20154.7188
2020-07-01,20170.6642
2020-07-08,20086.2391
2020-07-15,20049.9781
2020-07-22,19933.5298
2020-07-29,19949.4187
2020-08-05,19968.1219
2020-08-12,19982.4081
2020-08-19,19993.6003
2020-08-26,20001.8143
2020-09-02,20017.413
2020-09-09,20055.7363
2020-09-16,20144.1272
2020-09-23,20143.0928
2020-09-30,20026.6274
2020-10-07,20081.1074
2020-10-14,20147.297
2020-10-21,20163.3986
2020-10-28,20179.1548
2020-11-04,20205.7292
2020-11-11,20181.6736
2020-11-18,20208.6096
2020-11-25,20323.8761
2020-12-02,20282.3188
2020-12-09,20310.4974
2020-12-16,20383.7665
2020-12-23,20454.1991
2020-12-30,20515.7955
2021-01-06,20506.4333
2021-01-13,20490.2913
2021-01-20,20520.1037
2021-01-27,20567.0459
2021-02-03,20585.8574
2021-02-10,20677.5124
2021-02-17,20747.2315
2021-02-24,20741.9085
2021-03-03,20787.5865
2021-03-10,20844.3156
2021-03-17,20972.5277
2021-03-24,21040.6882
2021-03-31,21002.6613
2021-04-07,21215.3421
2021-04-14,21301.3071
2021-04-21,21352.0404
2021-04-28,21462.4629
2021-05-05,21484.5526
2021-05-12,21497.8625
2021-05-19,21434.8901
2021-05-26,21441.5639
2021-06-02,21463.6876
2021-06-09,21588.309
2021-06-16,21591.1794
2021-06-23,21620.484
2021-06-30,21427.5509
2021-07-07,21592.2916
2021-07-14,21666.4127
2021-07-21,21729.3198
2021-07-28,21732.4531
2021-08-04,21802.8062
2021-08-11,21790.3467
2021-08-18,21935.3134
2021-08-25,21932.6526
2021-09-01,22028.6766
2021-09-08,22001.8935
2021-09-15,22118.8259
2021-09-22,22110.1073
2021-09-29,22159.4133
2021-10-06,22212.6419
2021-10-13,22274.2174
2021-10-20,22319.7129
2021-10-27,22344.2061
2021-11-03,22417.7525
2021-11-10,22425.6176
2021-11-17,22452.3359
2021-11-24,22478.6845
2021-12-01,22603.0749
2021-12-08,22567.3384
2021-12-15,22545.3177
2021-12-22,22630.9538
2021-12-29,22610.3685
2022-01-05,22680.9611
2022-01-12,22536.0608
2022-01-19,22562.7292
2022-01-26,22584.6968
2022-02-02,22532.2444
2022-02-09,22550.6039
2022-02-16,22518.1156
2022-02-23,22533.9945
2022-03-02,22684.9864
2022-03-09,22721.0411
2022-03-16,22590.6164
2022-03-23,22601.1581
2022-03-30,22679.1881
2022-04-06,22764.225
2022-04-13,22829.9185
2022-04-20,22608.5476
2022-04-27,22639.8613
2022-05-04,22626.1431
2022-05-11,22622.8274
2022-05-18,22641.7462
2022-05-25,22683.209
2022-06-01,22718.9232
2022-06-08,22675.2883
2022-06-15,22683.089
2022-06-22,22773.5862
2022-06-29,22833.5713
2022-07-06,22919.8895
2022-07-13,22903.5542
2022-07-20,22876.7532
2022-07-27,22879.0875
2022-08-03,22933.9338
2022-08-10,22946.8048
2022-08-17,22939.8069
2022-08-24,22944.6702
2022-08-31,22874.9745
2022-09-07,22821.3756
2022-09-14,22818.2557
2022-09-21,22758.5519
2022-09-28,22820.2566
2022-10-05,22736.534
2022-10-12,22719.4929
2022-10-19,22727.7335
2022-10-26,22800.7739
2022-11-02,22724.8363
2022-11-09,22744.9388
2022-11-16,22846.0763
2022-11-23,22915.1212
2022-11-30,22811.9087
2022-12-07,22900.3356
2022-12-14,22935.1274
2022-12-21,22934.798
2022-12-28,22891.1048
2023-01-04,22946.6168
2023-01-11,22933.5895
2023-01-18,23064.7062
2023-01-25,22985.7101
2023-02-01,23052.326
2023-02-08,22992.7049
2023-02-15,23019.2327
2023-02-22,22991.7376
2023-03-01,22909.7472
2023-03-08,22857.0772
2023-03-15,23163.8455
2023-03-22,23051.5773
2023-03-29,23036.1316
2023-04-05,22964.9037
2023-04-12,22882.3421
2023-04-19,22966.0302
2023-04-26,22970.9235
2023-05-03,22945.137
2023-05-10,22947.8487
2023-05-17,22979.7214
2023-05-24,22987.4395
2023-05-31,22998.7262
2023-06-07,22937.4523
2023-06-14,23012.6808
2023-06-21,23038.9303
2023-06-28,23089.2375
